id,name,type,type_code,group_path,x,y,left,top,right,bottom,width,height,label_direction,importance,visible,duplicate_index,duplicate_total,layer_index,source,note
misc_001,驼,未分组,ungrouped,未分组,636.5,456.0,628,447,645,465,17,18,single,medium,True,1,1,4,PSD text layer / Unicode layer name,坐标为PSD像素坐标，原点在左上角；x/y为文字图层外接矩形中心点。
misc_002,街,未分组,ungrouped,未分组,636.5,502.0,627,493,646,511,19,18,single,medium,True,1,1,5,PSD text layer / Unicode layer name,坐标为PSD像素坐标，原点在左上角；x/y为文字图层外接矩形中心点。
misc_003,圜,未分组,ungrouped,未分组,625.5,1023.5,616,1013,635,1034,19,21,single,medium,True,1,1,6,PSD text layer / Unicode layer name,坐标为PSD像素坐标，原点在左上角；x/y为文字图层外接矩形中心点。
misc_004,铜,未分组,ungrouped,未分组,638.0,412.0,629,403,647,421,18,18,single,medium,True,1,1,7,PSD text layer / Unicode layer name,坐标为PSD像素坐标，原点在左上角；x/y为文字图层外接矩形中心点。
misc_005,宫,未分组,ungrouped,未分组,655.0,248.5,644,237,666,260,22,23,single,medium,True,1,1,8,PSD text layer / Unicode layer name,坐标为PSD像素坐标，原点在左上角；x/y为文字图层外接矩形中心点。
misc_006,城,未分组,ungrouped,未分组,654.5,305.5,643,294,666,317,23,23,single,medium,True,1,1,9,PSD text layer / Unicode layer name,坐标为PSD像素坐标，原点在左上角；x/y为文字图层外接矩形中心点。
res_001,贾璨宅,人物居所,residence,人物居所,781.0,102.0,776,87,786,117,10,30,vertical,medium,True,1,1,11,PSD text layer / Unicode layer name,坐标为PSD像素坐标，原点在左上角；x/y为文字图层外接矩形中心点。
res_002,游肇等宅,人物居所,residence,人物居所,841.5,426.5,839,416,844,437,5,21,vertical,medium,True,1,1,12,PSD text layer / Unicode layer name,坐标为PSD像素坐标，原点在左上角；x/y为文字图层外接矩形中心点。
res_003,高肇宅,人物居所,residence,人物居所,715.0,433.0,710,418,720,448,10,30,vertical,medium,True,1,1,13,PSD text layer / Unicode layer name,坐标为PSD像素坐标，原点在左上角；x/y为文字图层外接矩形中心点。
res_004,王翊宅,人物居所,residence,人物居所,754.5,454.5,752,447,757,462,5,15,mixed,medium,True,1,1,14,PSD text layer / Unicode layer name,坐标为PSD像素坐标，原点在左上角；x/y为文字图层外接矩形中心点。
res_005,长孙祚 等六宅稚、 郭,人物居所,residence,人物居所,799.5,491.0,791,478,808,504,17,26,vertical,medium,True,1,1,15,PSD text layer / Unicode layer name,坐标为PSD像素坐标，原点在左上角；x/y为文字图层外接矩形中心点。
res_006,段晖宅,人物居所,residence,人物居所,752.0,497.5,749,490,755,505,6,15,mixed,medium,True,1,1,16,PSD text layer / Unicode layer name,坐标为PSD像素坐标，原点在左上角；x/y为文字图层外接矩形中心点。
res_007,司马悦等宅,人物居所,residence,人物居所,853.5,331.5,851,319,856,344,5,25,vertical,medium,True,1,1,17,PSD text layer / Unicode layer name,坐标为PSD像素坐标，原点在左上角；x/y为文字图层外接矩形中心点。
res_008,李延蹇、 崔光等宅,人物居所,residence,人物居所,907.5,354.0,902,344,913,364,11,20,vertical,medium,True,1,1,18,PSD text layer / Unicode layer name,坐标为PSD像素坐标，原点在左上角；x/y为文字图层外接矩形中心点。
res_009,杜子休宅,人物居所,residence,人物居所,977.0,272.0,974,262,980,282,6,20,vertical,medium,True,1,1,19,PSD text layer / Unicode layer name,坐标为PSD像素坐标，原点在左上角；x/y为文字图层外接矩形中心点。
res_010,杨椿宅,人物居所,residence,人物居所,947.0,585.5,944,578,950,593,6,15,mixed,medium,True,1,1,20,PSD text layer / Unicode layer name,坐标为PSD像素坐标，原点在左上角；x/y为文字图层外接矩形中心点。
res_011,元怀宅,人物居所,residence,人物居所,914.0,563.5,911,556,917,571,6,15,mixed,medium,True,1,2,21,PSD text layer / Unicode layer name,坐标为PSD像素坐标，原点在左上角；x/y为文字图层外接矩形中心点。
res_012,张景仁宅,人物居所,residence,人物居所,936.0,527.5,933,517,939,538,6,21,vertical,medium,True,1,1,22,PSD text layer / Unicode layer name,坐标为PSD像素坐标，原点在左上角；x/y为文字图层外接矩形中心点。
res_013,宋云宅,人物居所,residence,人物居所,858.0,101.0,853,86,863,116,10,30,vertical,medium,True,1,1,23,PSD text layer / Unicode layer name,坐标为PSD像素坐标，原点在左上角；x/y为文字图层外接矩形中心点。
res_014,刘胡兄弟宅,人物居所,residence,人物居所,1011.0,486.0,1008,473,1014,499,6,26,vertical,medium,True,1,1,24,PSD text layer / Unicode layer name,坐标为PSD像素坐标，原点在左上角；x/y为文字图层外接矩形中心点。
res_015,高显洛宅,人物居所,residence,人物居所,631.0,610.0,628,600,634,620,6,20,vertical,medium,True,1,1,25,PSD text layer / Unicode layer name,坐标为PSD像素坐标，原点在左上角；x/y为文字图层外接矩形中心点。
res_016,元雍宅,人物居所,residence,人物居所,581.0,667.5,578,660,584,675,6,15,mixed,medium,True,1,1,26,PSD text layer / Unicode layer name,坐标为PSD像素坐标，原点在左上角；x/y为文字图层外接矩形中心点。
res_017,元怀宅,人物居所,residence,人物居所,771.0,630.5,767,619,775,642,8,23,vertical,medium,True,2,2,27,PSD text layer / Unicode layer name,坐标为PSD像素坐标，原点在左上角；x/y为文字图层外接矩形中心点。
res_018,元怿宅,人物居所,residence,人物居所,507.0,508.0,504,500,510,516,6,16,mixed,medium,True,1,1,28,PSD text layer / Unicode layer name,坐标为PSD像素坐标，原点在左上角；x/y为文字图层外接矩形中心点。
res_019,元乂宅,人物居所,residence,人物居所,563.5,394.5,561,387,566,402,5,15,mixed,medium,True,1,1,29,PSD text layer / Unicode layer name,坐标为PSD像素坐标，原点在左上角；x/y为文字图层外接矩形中心点。
res_020,刘腾宅,人物居所,residence,人物居所,569.5,359.0,567,351,572,367,5,16,mixed,medium,True,1,1,30,PSD text layer / Unicode layer name,坐标为PSD像素坐标，原点在左上角；x/y为文字图层外接矩形中心点。
res_021,元彧宅,人物居所,residence,人物居所,509.0,339.5,504,325,514,354,10,29,vertical,medium,True,1,1,31,PSD text layer / Unicode layer name,坐标为PSD像素坐标，原点在左上角；x/y为文字图层外接矩形中心点。
res_022,元徽宅,人物居所,residence,人物居所,504.5,399.5,502,392,507,407,5,15,mixed,medium,True,1,1,32,PSD text layer / Unicode layer name,坐标为PSD像素坐标，原点在左上角；x/y为文字图层外接矩形中心点。
res_023,融觉寺,人物居所,residence,人物居所,513.0,269.0,508,254,518,284,10,30,vertical,medium,True,1,1,33,PSD text layer / Unicode layer name,坐标为PSD像素坐标，原点在左上角；x/y为文字图层外接矩形中心点。
res_024,永明寺,人物居所,residence,人物居所,484.0,288.0,479,273,489,303,10,30,vertical,medium,True,1,1,34,PSD text layer / Unicode layer name,坐标为PSD像素坐标，原点在左上角；x/y为文字图层外接矩形中心点。
res_025,大觉寺,人物居所,residence,人物居所,464.5,287.0,459,272,470,302,11,30,vertical,medium,True,1,2,35,PSD text layer / Unicode layer name,坐标为PSD像素坐标，原点在左上角；x/y为文字图层外接矩形中心点。
res_026,白马寺,人物居所,residence,人物居所,431.0,369.0,426,354,436,384,10,30,vertical,high,True,1,1,36,PSD text layer / Unicode layer name,坐标为PSD像素坐标，原点在左上角；x/y为文字图层外接矩形中心点。
res_027,灵仙寺,人物居所,residence,人物居所,446.0,461.0,441,446,451,476,10,30,vertical,medium,True,1,1,37,PSD text layer / Unicode layer name,坐标为PSD像素坐标，原点在左上角；x/y为文字图层外接矩形中心点。
res_028,开善寺,人物居所,residence,人物居所,303.0,319.0,298,304,308,334,10,30,vertical,medium,True,1,1,38,PSD text layer / Unicode layer name,坐标为PSD像素坐标，原点在左上角；x/y为文字图层外接矩形中心点。
res_029,追光寺,人物居所,residence,人物居所,239.0,453.0,234,438,244,468,10,30,vertical,medium,True,1,1,39,PSD text layer / Unicode layer name,坐标为PSD像素坐标，原点在左上角；x/y为文字图层外接矩形中心点。
res_030,胡元吉宅,人物居所,residence,人物居所,413.5,269.0,411,259,416,279,5,20,vertical,medium,True,1,1,40,PSD text layer / Unicode layer name,坐标为PSD像素坐标，原点在左上角；x/y为文字图层外接矩形中心点。
res_031,元景皓宅,人物居所,residence,人物居所,426.5,270.0,424,260,429,280,5,20,vertical,medium,True,1,1,41,PSD text layer / Unicode layer name,坐标为PSD像素坐标，原点在左上角；x/y为文字图层外接矩形中心点。
res_032,崔涵宅,人物居所,residence,人物居所,327.0,282.5,324,275,330,290,6,15,mixed,medium,True,1,1,42,PSD text layer / Unicode layer name,坐标为PSD像素坐标，原点在左上角；x/y为文字图层外接矩形中心点。
res_033,韦英宅,人物居所,residence,人物居所,311.5,319.5,309,312,314,327,5,15,mixed,medium,True,1,1,43,PSD text layer / Unicode layer name,坐标为PSD像素坐标，原点在左上角；x/y为文字图层外接矩形中心点。
res_034,元略宅,人物居所,residence,人物居所,249.5,449.5,247,442,252,457,5,15,mixed,medium,True,1,1,44,PSD text layer / Unicode layer name,坐标为PSD像素坐标，原点在左上角；x/y为文字图层外接矩形中心点。
res_035,元琛宅,人物居所,residence,人物居所,228.0,484.5,225,477,231,492,6,15,mixed,medium,True,1,1,45,PSD text layer / Unicode layer name,坐标为PSD像素坐标，原点在左上角；x/y为文字图层外接矩形中心点。
res_036,侯刚宅,人物居所,residence,人物居所,444.0,492.0,441,484,447,500,6,16,mixed,medium,True,1,1,46,PSD text layer / Unicode layer name,坐标为PSD像素坐标，原点在左上角；x/y为文字图层外接矩形中心点。
off_001,太仓署,官署,office,官署,789.0,343.0,784,328,794,358,10,30,vertical,medium,True,1,1,49,PSD text layer / Unicode layer name,坐标为PSD像素坐标，原点在左上角；x/y为文字图层外接矩形中心点。
off_002,典农署,官署,office,官署,789.5,294.0,784,279,795,309,11,30,vertical,medium,True,1,1,50,PSD text layer / Unicode layer name,坐标为PSD像素坐标，原点在左上角；x/y为文字图层外接矩形中心点。
off_003,句盾署,官署,office,官署,806.0,295.0,801,280,811,310,10,30,vertical,medium,True,1,1,51,PSD text layer / Unicode layer name,坐标为PSD像素坐标，原点在左上角；x/y为文字图层外接矩形中心点。
off_004,导官署,官署,office,官署,758.0,342.5,753,328,763,357,10,29,vertical,medium,True,1,1,52,PSD text layer / Unicode layer name,坐标为PSD像素坐标，原点在左上角；x/y为文字图层外接矩形中心点。
off_005,乘黄署,官署,office,官署,590.0,342.0,585,327,595,357,10,30,vertical,medium,True,1,1,53,PSD text layer / Unicode layer name,坐标为PSD像素坐标，原点在左上角；x/y为文字图层外接矩形中心点。
off_006,武库署,官署,office,官署,602.0,342.0,597,327,607,357,10,30,vertical,medium,True,1,1,54,PSD text layer / Unicode layer name,坐标为PSD像素坐标，原点在左上角；x/y为文字图层外接矩形中心点。
off_007,籍田署,官署,office,官署,759.0,284.0,744,279,774,289,30,10,horizontal,medium,True,1,1,55,PSD text layer / Unicode layer name,坐标为PSD像素坐标，原点在左上角；x/y为文字图层外接矩形中心点。
off_008,司农寺,官署,office,官署,759.5,306.0,745,301,774,311,29,10,horizontal,medium,True,1,1,56,PSD text layer / Unicode layer name,坐标为PSD像素坐标，原点在左上角；x/y为文字图层外接矩形中心点。
off_009,太仆寺,官署,office,官署,579.0,342.0,574,327,584,357,10,30,vertical,medium,True,1,1,57,PSD text layer / Unicode layer name,坐标为PSD像素坐标，原点在左上角；x/y为文字图层外接矩形中心点。
off_010,御史台,官署,office,官署,599.5,393.0,594,378,605,408,11,30,vertical,medium,True,1,1,58,PSD text layer / Unicode layer name,坐标为PSD像素坐标，原点在左上角；x/y为文字图层外接矩形中心点。
off_011,右卫府,官署,office,官署,624.0,390.0,619,375,629,405,10,30,vertical,medium,True,1,1,59,PSD text layer / Unicode layer name,坐标为PSD像素坐标，原点在左上角；x/y为文字图层外接矩形中心点。
off_012,左卫府,官署,office,官署,653.0,391.0,648,376,658,406,10,30,vertical,medium,True,1,1,60,PSD text layer / Unicode layer name,坐标为PSD像素坐标，原点在左上角；x/y为文字图层外接矩形中心点。
off_013,将作曹,官署,office,官署,625.0,449.5,621,439,629,460,8,21,vertical,medium,True,1,1,61,PSD text layer / Unicode layer name,坐标为PSD像素坐标，原点在左上角；x/y为文字图层外接矩形中心点。
off_014,司徒府,官署,office,官署,651.0,424.5,647,414,655,435,8,21,vertical,medium,True,1,1,62,PSD text layer / Unicode layer name,坐标为PSD像素坐标，原点在左上角；x/y为文字图层外接矩形中心点。
off_015,国子学,官署,office,官署,651.5,448.5,648,438,655,459,7,21,vertical,medium,True,1,1,63,PSD text layer / Unicode layer name,坐标为PSD像素坐标，原点在左上角；x/y为文字图层外接矩形中心点。
off_016,太尉府,官署,office,官署,626.0,425.0,622,414,630,436,8,22,vertical,medium,True,1,1,64,PSD text layer / Unicode layer name,坐标为PSD像素坐标，原点在左上角；x/y为文字图层外接矩形中心点。
off_017,太社,官署,office,官署,626.0,496.5,622,489,630,504,8,15,mixed,medium,True,1,1,65,PSD text layer / Unicode layer name,坐标为PSD像素坐标，原点在左上角；x/y为文字图层外接矩形中心点。
off_018,护军府,官署,office,官署,652.5,517.5,642,514,663,521,21,7,horizontal,medium,True,1,1,66,PSD text layer / Unicode layer name,坐标为PSD像素坐标，原点在左上角；x/y为文字图层外接矩形中心点。
off_019,九级府,官署,office,官署,625.5,471.5,622,461,629,482,7,21,vertical,medium,True,1,1,67,PSD text layer / Unicode layer name,坐标为PSD像素坐标，原点在左上角；x/y为文字图层外接矩形中心点。
off_020,太庙,官署,office,官署,653.0,496.0,649,489,657,503,8,14,mixed,medium,True,1,1,68,PSD text layer / Unicode layer name,坐标为PSD像素坐标，原点在左上角；x/y为文字图层外接矩形中心点。
off_021,司州,官署,office,官署,626.0,517.5,619,514,633,521,14,7,mixed,medium,True,1,1,69,PSD text layer / Unicode layer name,坐标为PSD像素坐标，原点在左上角；x/y为文字图层外接矩形中心点。
off_022,昭玄曹,官署,office,官署,602.5,471.5,599,461,606,482,7,21,vertical,medium,True,1,1,70,PSD text layer / Unicode layer name,坐标为PSD像素坐标，原点在左上角；x/y为文字图层外接矩形中心点。
off_023,燕然馆,官署,office,官署,660.5,873.0,652,848,669,898,17,50,vertical,medium,True,1,1,71,PSD text layer / Unicode layer name,坐标为PSD像素坐标，原点在左上角；x/y为文字图层外接矩形中心点。
off_024,金陵馆,官署,office,官署,662.0,820.0,654,795,670,845,16,50,vertical,medium,True,1,1,72,PSD text layer / Unicode layer name,坐标为PSD像素坐标，原点在左上角；x/y为文字图层外接矩形中心点。
off_025,河南尹,官署,office,官署,766.0,214.0,751,209,781,219,30,10,horizontal,medium,True,1,1,73,PSD text layer / Unicode layer name,坐标为PSD像素坐标，原点在左上角；x/y为文字图层外接矩形中心点。
off_026,扶桑馆,官署,office,官署,662.5,926.0,654,901,671,951,17,50,vertical,medium,True,1,1,74,PSD text layer / Unicode layer name,坐标为PSD像素坐标，原点在左上角；x/y为文字图层外接矩形中心点。
off_027,崦嵫馆,官署,office,官署,662.0,979.0,654,954,670,1004,16,50,vertical,medium,True,1,1,75,PSD text layer / Unicode layer name,坐标为PSD像素坐标，原点在左上角；x/y为文字图层外接矩形中心点。
off_028,金墉城,官署,office,官署,574.5,191.0,572,183,577,199,5,16,mixed,high,True,1,1,76,PSD text layer / Unicode layer name,坐标为PSD像素坐标，原点在左上角；x/y为文字图层外接矩形中心点。
off_029,洛阳 县衙,官署,office,官署,882.5,260.0,877,255,888,265,11,10,mixed,medium,True,1,1,77,PSD text layer / Unicode layer name,坐标为PSD像素坐标，原点在左上角；x/y为文字图层外接矩形中心点。
off_030,明堂,官署,office,官署,745.5,707.0,742,699,749,715,7,16,mixed,high,True,1,1,78,PSD text layer / Unicode layer name,坐标为PSD像素坐标，原点在左上角；x/y为文字图层外接矩形中心点。
off_031,河阳 县治,官署,office,官署,413.0,480.0,405,471,421,489,16,18,mixed,medium,True,1,1,79,PSD text layer / Unicode layer name,坐标为PSD像素坐标，原点在左上角；x/y为文字图层外接矩形中心点。
tmp_001,追圣寺,寺庙,temple,寺庙,813.0,719.0,808,704,818,734,10,30,vertical,medium,True,1,1,82,PSD text layer / Unicode layer name,坐标为PSD像素坐标，原点在左上角；x/y为文字图层外接矩形中心点。
tmp_002,龙华寺,寺庙,temple,寺庙,800.0,719.0,795,704,805,734,10,30,vertical,medium,True,1,2,83,PSD text layer / Unicode layer name,坐标为PSD像素坐标，原点在左上角；x/y为文字图层外接矩形中心点。
tmp_003,报德寺,寺庙,temple,寺庙,787.0,713.0,782,698,792,728,10,30,vertical,medium,True,1,1,84,PSD text layer / Unicode layer name,坐标为PSD像素坐标，原点在左上角；x/y为文字图层外接矩形中心点。
tmp_004,明悬尼寺,寺庙,temple,寺庙,835.0,309.5,826,274,844,345,18,71,vertical,medium,True,1,1,85,PSD text layer / Unicode layer name,坐标为PSD像素坐标，原点在左上角；x/y为文字图层外接矩形中心点。
tmp_005,宗正寺,寺庙,temple,寺庙,652.0,470.5,648,460,656,481,8,21,vertical,medium,True,1,1,86,PSD text layer / Unicode layer name,坐标为PSD像素坐标，原点在左上角；x/y为文字图层外接矩形中心点。
tmp_006,胡统寺,寺庙,temple,寺庙,596.0,504.0,591,489,601,519,10,30,vertical,medium,True,1,1,87,PSD text layer / Unicode layer name,坐标为PSD像素坐标，原点在左上角；x/y为文字图层外接矩形中心点。
tmp_007,永宁寺,寺庙,temple,寺庙,600.0,432.0,585,427,615,437,30,10,horizontal,high,True,1,1,88,PSD text layer / Unicode layer name,坐标为PSD像素坐标，原点在左上角；x/y为文字图层外接矩形中心点。
tmp_008,王南寺,寺庙,temple,寺庙,548.5,190.0,546,182,551,198,5,16,mixed,medium,True,1,1,89,PSD text layer / Unicode layer name,坐标为PSD像素坐标，原点在左上角；x/y为文字图层外接矩形中心点。
tmp_009,禅虚寺,寺庙,temple,寺庙,609.0,150.0,604,135,614,165,10,30,vertical,medium,True,1,1,90,PSD text layer / Unicode layer name,坐标为PSD像素坐标，原点在左上角；x/y为文字图层外接矩形中心点。
tmp_010,凝园寺,寺庙,temple,寺庙,765.5,107.0,761,92,770,122,9,30,vertical,medium,True,1,1,91,PSD text layer / Unicode layer name,坐标为PSD像素坐标，原点在左上角；x/y为文字图层外接矩形中心点。
tmp_011,璎珞寺、 宗圣寺 等十寺,寺庙,temple,寺庙,832.0,185.0,815,165,849,205,34,40,mixed,medium,True,1,1,92,PSD text layer / Unicode layer name,坐标为PSD像素坐标，原点在左上角；x/y为文字图层外接矩形中心点。
tmp_012,魏昌尼寺,寺庙,temple,寺庙,862.0,245.0,857,225,867,265,10,40,vertical,medium,True,1,1,93,PSD text layer / Unicode layer name,坐标为PSD像素坐标，原点在左上角；x/y为文字图层外接矩形中心点。
tmp_013,龙华寺,寺庙,temple,寺庙,850.0,268.0,845,253,855,283,10,30,vertical,medium,True,2,2,94,PSD text layer / Unicode layer name,坐标为PSD像素坐标，原点在左上角；x/y为文字图层外接矩形中心点。
tmp_014,景乐寺,寺庙,temple,寺庙,686.0,456.0,681,441,691,471,10,30,vertical,medium,True,1,1,95,PSD text layer / Unicode layer name,坐标为PSD像素坐标，原点在左上角；x/y为文字图层外接矩形中心点。
tmp_015,光明寺,寺庙,temple,寺庙,744.0,499.0,739,484,749,514,10,30,vertical,medium,True,1,1,96,PSD text layer / Unicode layer name,坐标为PSD像素坐标，原点在左上角；x/y为文字图层外接矩形中心点。
tmp_016,愿会寺,寺庙,temple,寺庙,744.5,445.5,742,438,747,453,5,15,mixed,medium,True,1,1,97,PSD text layer / Unicode layer name,坐标为PSD像素坐标，原点在左上角；x/y为文字图层外接矩形中心点。
tmp_017,昭仪尼寺,寺庙,temple,寺庙,775.0,435.5,770,416,780,455,10,39,vertical,medium,True,1,1,98,PSD text layer / Unicode layer name,坐标为PSD像素坐标，原点在左上角；x/y为文字图层外接矩形中心点。
tmp_018,景林寺,寺庙,temple,寺庙,789.0,561.0,784,546,794,576,10,30,vertical,medium,True,1,1,99,PSD text layer / Unicode layer name,坐标为PSD像素坐标，原点在左上角；x/y为文字图层外接矩形中心点。
tmp_019,修梵寺,寺庙,temple,寺庙,796.0,509.0,791,494,801,524,10,30,vertical,medium,True,1,1,100,PSD text layer / Unicode layer name,坐标为PSD像素坐标，原点在左上角；x/y为文字图层外接矩形中心点。
tmp_020,嵩明寺,寺庙,temple,寺庙,785.0,509.0,780,494,790,524,10,30,vertical,medium,True,1,1,101,PSD text layer / Unicode layer name,坐标为PSD像素坐标，原点在左上角；x/y为文字图层外接矩形中心点。
tmp_021,瑶光寺,寺庙,temple,寺庙,553.0,239.5,545,214,561,265,16,51,vertical,medium,True,1,1,102,PSD text layer / Unicode layer name,坐标为PSD像素坐标，原点在左上角；x/y为文字图层外接矩形中心点。
tmp_022,景兴尼寺,寺庙,temple,寺庙,871.0,308.5,862,273,880,344,18,71,vertical,medium,True,1,1,103,PSD text layer / Unicode layer name,坐标为PSD像素坐标，原点在左上角；x/y为文字图层外接矩形中心点。
tmp_023,庄严寺,寺庙,temple,寺庙,872.0,373.0,867,358,877,388,10,30,vertical,medium,True,1,1,104,PSD text layer / Unicode layer name,坐标为PSD像素坐标，原点在左上角；x/y为文字图层外接矩形中心点。
tmp_024,正始寺,寺庙,temple,寺庙,843.0,395.0,838,380,848,410,10,30,vertical,medium,True,1,1,105,PSD text layer / Unicode layer name,坐标为PSD像素坐标，原点在左上角；x/y为文字图层外接矩形中心点。
tmp_025,灵应寺,寺庙,temple,寺庙,968.0,274.0,963,259,973,289,10,30,vertical,medium,True,1,1,106,PSD text layer / Unicode layer name,坐标为PSD像素坐标，原点在左上角；x/y为文字图层外接矩形中心点。
tmp_026,秦太上君寺,寺庙,temple,寺庙,919.5,381.0,914,356,925,406,11,50,vertical,medium,True,1,1,107,PSD text layer / Unicode layer name,坐标为PSD像素坐标，原点在左上角；x/y为文字图层外接矩形中心点。
tmp_027,平等寺,寺庙,temple,寺庙,904.0,559.0,899,544,909,574,10,30,vertical,medium,True,1,1,108,PSD text layer / Unicode layer name,坐标为PSD像素坐标，原点在左上角；x/y为文字图层外接矩形中心点。
tmp_028,宝明寺,寺庙,temple,寺庙,955.0,505.0,950,490,960,520,10,30,vertical,medium,True,1,1,109,PSD text layer / Unicode layer name,坐标为PSD像素坐标，原点在左上角；x/y为文字图层外接矩形中心点。
tmp_029,景宁寺,寺庙,temple,寺庙,959.0,586.0,954,571,964,601,10,30,vertical,medium,True,1,1,110,PSD text layer / Unicode layer name,坐标为PSD像素坐标，原点在左上角；x/y为文字图层外接矩形中心点。
tmp_030,归觉寺,寺庙,temple,寺庙,1004.0,486.0,999,471,1009,501,10,30,vertical,medium,True,1,1,111,PSD text layer / Unicode layer name,坐标为PSD像素坐标，原点在左上角；x/y为文字图层外接矩形中心点。
tmp_031,招福寺,寺庙,temple,寺庙,611.0,600.0,606,585,616,615,10,30,vertical,medium,True,1,1,112,PSD text layer / Unicode layer name,坐标为PSD像素坐标，原点在左上角；x/y为文字图层外接矩形中心点。
tmp_032,大统寺,寺庙,temple,寺庙,627.0,573.0,622,558,632,588,10,30,vertical,medium,True,1,1,113,PSD text layer / Unicode layer name,坐标为PSD像素坐标，原点在左上角；x/y为文字图层外接矩形中心点。
tmp_033,高阳王寺,寺庙,temple,寺庙,570.0,675.0,565,655,575,695,10,40,vertical,medium,True,1,1,114,PSD text layer / Unicode layer name,坐标为PSD像素坐标，原点在左上角；x/y为文字图层外接矩形中心点。
tmp_034,景明寺,寺庙,temple,寺庙,681.5,625.0,674,603,689,647,15,44,vertical,medium,True,1,1,115,PSD text layer / Unicode layer name,坐标为PSD像素坐标，原点在左上角；x/y为文字图层外接矩形中心点。
tmp_035,崇虚寺,寺庙,temple,寺庙,518.5,614.0,511,592,526,636,15,44,vertical,medium,True,1,1,116,PSD text layer / Unicode layer name,坐标为PSD像素坐标，原点在左上角；x/y为文字图层外接矩形中心点。
tmp_036,秦太上公寺,寺庙,temple,寺庙,670.0,737.0,665,712,675,762,10,50,vertical,medium,True,1,1,117,PSD text layer / Unicode layer name,坐标为PSD像素坐标，原点在左上角；x/y为文字图层外接矩形中心点。
tmp_037,宁远寺,寺庙,temple,寺庙,807.0,634.0,802,619,812,649,10,30,vertical,medium,True,1,1,118,PSD text layer / Unicode layer name,坐标为PSD像素坐标，原点在左上角；x/y为文字图层外接矩形中心点。
tmp_038,三宝寺,寺庙,temple,寺庙,796.0,634.5,791,620,801,649,10,29,vertical,medium,True,1,1,119,PSD text layer / Unicode layer name,坐标为PSD像素坐标，原点在左上角；x/y为文字图层外接矩形中心点。
tmp_039,大觉寺,寺庙,temple,寺庙,784.5,634.0,779,619,790,649,11,30,vertical,medium,True,2,2,120,PSD text layer / Unicode layer name,坐标为PSD像素坐标，原点在左上角；x/y为文字图层外接矩形中心点。
tmp_040,正觉寺,寺庙,temple,寺庙,819.0,689.5,814,675,824,704,10,29,vertical,medium,True,1,1,121,PSD text layer / Unicode layer name,坐标为PSD像素坐标，原点在左上角；x/y为文字图层外接矩形中心点。
tmp_041,菩提寺,寺庙,temple,寺庙,595.0,960.0,590,945,600,975,10,30,vertical,medium,True,1,1,122,PSD text layer / Unicode layer name,坐标为PSD像素坐标，原点在左上角；x/y为文字图层外接矩形中心点。
tmp_042,归正寺,寺庙,temple,寺庙,591.0,841.0,586,826,596,856,10,30,vertical,medium,True,1,1,123,PSD text layer / Unicode layer name,坐标为PSD像素坐标，原点在左上角；x/y为文字图层外接矩形中心点。
tmp_043,冲觉寺,寺庙,temple,寺庙,495.5,515.0,488,493,503,537,15,44,vertical,medium,True,1,1,124,PSD text layer / Unicode layer name,坐标为PSD像素坐标，原点在左上角；x/y为文字图层外接矩形中心点。
tmp_044,长秋寺,寺庙,temple,寺庙,563.5,307.0,558,292,569,322,11,30,vertical,medium,True,1,1,125,PSD text layer / Unicode layer name,坐标为PSD像素坐标，原点在左上角；x/y为文字图层外接矩形中心点。
tmp_045,法云寺,寺庙,temple,寺庙,531.0,330.0,526,315,536,345,10,30,vertical,medium,True,1,1,126,PSD text layer / Unicode layer name,坐标为PSD像素坐标，原点在左上角；x/y为文字图层外接矩形中心点。
tmp_046,宝光寺,寺庙,temple,寺庙,541.0,323.0,536,308,546,338,10,30,vertical,medium,True,1,1,127,PSD text layer / Unicode layer name,坐标为PSD像素坐标，原点在左上角；x/y为文字图层外接矩形中心点。
tmp_047,建中寺,寺庙,temple,寺庙,561.0,363.0,556,348,566,378,10,30,vertical,medium,True,1,1,128,PSD text layer / Unicode layer name,坐标为PSD像素坐标，原点在左上角；x/y为文字图层外接矩形中心点。
tmp_048,宣中寺,寺庙,temple,寺庙,496.0,404.0,491,389,501,419,10,30,vertical,medium,True,1,1,129,PSD text layer / Unicode layer name,坐标为PSD像素坐标，原点在左上角；x/y为文字图层外接矩形中心点。
tmp_049,王典御寺,寺庙,temple,寺庙,520.5,392.0,515,372,526,412,11,40,vertical,medium,True,1,1,130,PSD text layer / Unicode layer name,坐标为PSD像素坐标，原点在左上角；x/y为文字图层外接矩形中心点。
fea_001,景阳山,风物,feature,风物,618.5,191.5,616,184,621,199,5,15,mixed,medium,True,1,1,133,PSD text layer / Unicode layer name,坐标为PSD像素坐标，原点在左上角；x/y为文字图层外接矩形中心点。
fea_002,天渊池,风物,feature,风物,692.5,195.0,685,192,700,198,15,6,mixed,medium,True,1,1,134,PSD text layer / Unicode layer name,坐标为PSD像素坐标，原点在左上角；x/y为文字图层外接矩形中心点。
fea_003,华林园,风物,feature,风物,710.5,179.0,708,171,713,187,5,16,mixed,medium,True,1,1,135,PSD text layer / Unicode layer name,坐标为PSD像素坐标，原点在左上角；x/y为文字图层外接矩形中心点。
fea_004,藏冰室,风物,feature,风物,662.0,193.0,659,185,665,201,6,16,mixed,medium,True,1,1,136,PSD text layer / Unicode layer name,坐标为PSD像素坐标，原点在左上角；x/y为文字图层外接矩形中心点。
fea_005,苗茨之碑,风物,feature,风物,638.5,195.5,636,185,641,206,5,21,vertical,medium,True,1,1,137,PSD text layer / Unicode layer name,坐标为PSD像素坐标，原点在左上角；x/y为文字图层外接矩形中心点。
fea_006,永桥,风物,feature,风物,634.5,767.5,611,756,658,779,47,23,horizontal,medium,True,1,1,138,PSD text layer / Unicode layer name,坐标为PSD像素坐标，原点在左上角；x/y为文字图层外接矩形中心点。
fea_007,石崇池,风物,feature,风物,758.0,425.0,755,417,761,433,6,16,mixed,medium,True,1,1,139,PSD text layer / Unicode layer name,坐标为PSD像素坐标，原点在左上角；x/y为文字图层外接矩形中心点。
fea_008,辟雍,风物,feature,风物,787.0,683.5,784,678,790,689,6,11,mixed,medium,True,1,1,140,PSD text layer / Unicode layer name,坐标为PSD像素坐标，原点在左上角；x/y为文字图层外接矩形中心点。
fea_009,萧正德宅,风物,feature,风物,599.5,840.5,597,830,602,851,5,21,vertical,medium,True,1,1,141,PSD text layer / Unicode layer name,坐标为PSD像素坐标，原点在左上角；x/y为文字图层外接矩形中心点。
fea_010,皇女台,风物,feature,风物,434.0,493.0,430,481,438,505,8,24,vertical,medium,True,1,1,142,PSD text layer / Unicode layer name,坐标为PSD像素坐标，原点在左上角；x/y为文字图层外接矩形中心点。
fea_011,张方桥,风物,feature,风物,207.0,225.0,202,210,212,240,10,30,vertical,medium,True,1,1,143,PSD text layer / Unicode layer name,坐标为PSD像素坐标，原点在左上角；x/y为文字图层外接矩形中心点。
ward_001,昭德里,里坊,ward,里坊,859.0,422.5,856,415,862,430,6,15,mixed,low,True,1,1,146,PSD text layer / Unicode layer name,坐标为PSD像素坐标，原点在左上角；x/y为文字图层外接矩形中心点。
ward_002,治粟里,里坊,ward,里坊,810.0,342.0,805,327,815,357,10,30,vertical,low,True,1,1,147,PSD text layer / Unicode layer name,坐标为PSD像素坐标，原点在左上角；x/y为文字图层外接矩形中心点。
ward_003,建阳里,里坊,ward,里坊,820.0,245.0,815,230,825,260,10,30,vertical,low,True,1,1,148,PSD text layer / Unicode layer name,坐标为PSD像素坐标，原点在左上角；x/y为文字图层外接矩形中心点。
ward_004,慕义里,里坊,ward,里坊,618.5,965.5,610,941,627,990,17,49,vertical,low,True,1,1,149,PSD text layer / Unicode layer name,坐标为PSD像素坐标，原点在左上角；x/y为文字图层外接矩形中心点。
ward_005,慕化里,里坊,ward,里坊,619.0,915.0,611,890,627,940,16,50,vertical,low,True,1,1,150,PSD text layer / Unicode layer name,坐标为PSD像素坐标，原点在左上角；x/y为文字图层外接矩形中心点。
ward_006,归德里,里坊,ward,里坊,617.0,863.5,609,839,625,888,16,49,vertical,low,True,1,1,151,PSD text layer / Unicode layer name,坐标为PSD像素坐标，原点在左上角；x/y为文字图层外接矩形中心点。
ward_007,步广里,里坊,ward,里坊,757.0,193.0,752,178,762,208,10,30,vertical,low,True,1,1,152,PSD text layer / Unicode layer name,坐标为PSD像素坐标，原点在左上角；x/y为文字图层外接矩形中心点。
ward_008,衣冠里,里坊,ward,里坊,651.5,539.0,644,536,659,542,15,6,mixed,low,True,1,1,153,PSD text layer / Unicode layer name,坐标为PSD像素坐标，原点在左上角；x/y为文字图层外接矩形中心点。
ward_009,凌阴里,里坊,ward,里坊,602.5,538.0,595,535,610,541,15,6,mixed,low,True,1,1,154,PSD text layer / Unicode layer name,坐标为PSD像素坐标，原点在左上角；x/y为文字图层外接矩形中心点。
ward_010,归正里,里坊,ward,里坊,616.0,819.0,608,794,624,844,16,50,vertical,low,True,1,1,155,PSD text layer / Unicode layer name,坐标为PSD像素坐标，原点在左上角；x/y为文字图层外接矩形中心点。
ward_011,四通市,里坊,ward,里坊,688.5,779.5,654,768,723,791,69,23,horizontal,low,True,1,1,156,PSD text layer / Unicode layer name,坐标为PSD像素坐标，原点在左上角；x/y为文字图层外接矩形中心点。
ward_012,小市,里坊,ward,里坊,984.0,470.5,976,454,992,487,16,33,vertical,low,True,1,1,157,PSD text layer / Unicode layer name,坐标为PSD像素坐标，原点在左上角；x/y为文字图层外接矩形中心点。
ward_013,永平里,里坊,ward,里坊,795.0,117.0,790,102,800,132,10,30,vertical,low,True,1,1,158,PSD text layer / Unicode layer name,坐标为PSD像素坐标，原点在左上角；x/y为文字图层外接矩形中心点。
ward_014,义井里,里坊,ward,里坊,676.0,391.0,671,376,681,406,10,30,vertical,low,True,1,1,159,PSD text layer / Unicode layer name,坐标为PSD像素坐标，原点在左上角；x/y为文字图层外接矩形中心点。
ward_015,宜寿里,里坊,ward,里坊,770.5,470.0,768,462,773,478,5,16,mixed,low,True,1,1,160,PSD text layer / Unicode layer name,坐标为PSD像素坐标，原点在左上角；x/y为文字图层外接矩形中心点。
ward_016,永和里,里坊,ward,里坊,782.5,470.0,780,462,785,478,5,16,mixed,low,True,1,1,161,PSD text layer / Unicode layer name,坐标为PSD像素坐标，原点在左上角；x/y为文字图层外接矩形中心点。
ward_017,崇义里,里坊,ward,里坊,926.0,241.0,921,226,931,256,10,30,vertical,low,True,1,1,162,PSD text layer / Unicode layer name,坐标为PSD像素坐标，原点在左上角；x/y为文字图层外接矩形中心点。
ward_018,绥民里,里坊,ward,里坊,881.0,241.5,876,227,886,256,10,29,vertical,low,True,1,1,163,PSD text layer / Unicode layer name,坐标为PSD像素坐标，原点在左上角；x/y为文字图层外接矩形中心点。
ward_019,东安里,里坊,ward,里坊,846.0,326.5,843,319,849,334,6,15,mixed,low,True,1,1,164,PSD text layer / Unicode layer name,坐标为PSD像素坐标，原点在左上角；x/y为文字图层外接矩形中心点。
ward_020,敬义里,里坊,ward,里坊,857.5,380.5,852,366,863,395,11,29,vertical,low,True,1,1,165,PSD text layer / Unicode layer name,坐标为PSD像素坐标，原点在左上角；x/y为文字图层外接矩形中心点。
ward_021,晖文里,里坊,ward,里坊,885.0,337.5,880,323,890,352,10,29,vertical,low,True,1,1,166,PSD text layer / Unicode layer name,坐标为PSD像素坐标，原点在左上角；x/y为文字图层外接矩形中心点。
ward_022,马市,里坊,ward,里坊,895.0,280.5,878,272,912,289,34,17,horizontal,low,True,1,1,167,PSD text layer / Unicode layer name,坐标为PSD像素坐标，原点在左上角；x/y为文字图层外接矩形中心点。
ward_023,景宁里,里坊,ward,里坊,927.5,565.5,925,558,930,573,5,15,mixed,low,True,1,1,168,PSD text layer / Unicode layer name,坐标为PSD像素坐标，原点在左上角；x/y为文字图层外接矩形中心点。
ward_024,孝义里,里坊,ward,里坊,926.5,520.0,924,512,929,528,5,16,mixed,low,True,1,1,169,PSD text layer / Unicode layer name,坐标为PSD像素坐标，原点在左上角；x/y为文字图层外接矩形中心点。
ward_025,孝敬里,里坊,ward,里坊,879.5,520.5,877,513,882,528,5,15,mixed,low,True,1,1,170,PSD text layer / Unicode layer name,坐标为PSD像素坐标，原点在左上角；x/y为文字图层外接矩形中心点。
ward_026,洛阳小市,里坊,ward,里坊,995.0,528.0,990,508,1000,548,10,40,vertical,high,True,1,1,171,PSD text layer / Unicode layer name,坐标为PSD像素坐标，原点在左上角；x/y为文字图层外接矩形中心点。
ward_027,殖货里,里坊,ward,里坊,979.0,472.5,976,465,982,480,6,15,mixed,low,True,1,1,172,PSD text layer / Unicode layer name,坐标为PSD像素坐标，原点在左上角；x/y为文字图层外接矩形中心点。
ward_028,闻义里,里坊,ward,里坊,833.0,98.0,828,83,838,113,10,30,vertical,low,True,1,1,173,PSD text layer / Unicode layer name,坐标为PSD像素坐标，原点在左上角；x/y为文字图层外接矩形中心点。
ward_029,利民里,里坊,ward,里坊,607.0,570.5,604,563,610,578,6,15,mixed,low,True,1,1,174,PSD text layer / Unicode layer name,坐标为PSD像素坐标，原点在左上角；x/y为文字图层外接矩形中心点。
ward_030,中甘里,里坊,ward,里坊,563.5,620.0,549,615,578,625,29,10,horizontal,low,True,1,1,175,PSD text layer / Unicode layer name,坐标为PSD像素坐标，原点在左上角；x/y为文字图层外接矩形中心点。
ward_031,灵台,里坊,ward,里坊,689.5,715.0,687,710,692,720,5,10,mixed,high,True,1,1,176,PSD text layer / Unicode layer name,坐标为PSD像素坐标，原点在左上角；x/y为文字图层外接矩形中心点。
ward_032,延贤里,里坊,ward,里坊,836.0,672.5,833,665,839,680,6,15,mixed,low,True,1,1,177,PSD text layer / Unicode layer name,坐标为PSD像素坐标，原点在左上角；x/y为文字图层外接矩形中心点。
ward_033,劝学里,里坊,ward,里坊,795.0,676.5,792,669,798,684,6,15,mixed,low,True,1,1,178,PSD text layer / Unicode layer name,坐标为PSD像素坐标，原点在左上角；x/y为文字图层外接矩形中心点。
ward_034,永康里,里坊,ward,里坊,552.0,384.0,549,376,555,392,6,16,mixed,low,True,1,1,179,PSD text layer / Unicode layer name,坐标为PSD像素坐标，原点在左上角；x/y为文字图层外接矩形中心点。
ward_035,延年里,里坊,ward,里坊,549.5,349.5,547,342,552,357,5,15,mixed,low,True,1,1,180,PSD text layer / Unicode layer name,坐标为PSD像素坐标，原点在左上角；x/y为文字图层外接矩形中心点。
ward_036,奉终里,里坊,ward,里坊,389.5,330.5,387,323,392,338,5,15,mixed,low,True,1,1,181,PSD text layer / Unicode layer name,坐标为PSD像素坐标，原点在左上角；x/y为文字图层外接矩形中心点。
ward_037,慈孝里,里坊,ward,里坊,341.0,332.5,338,325,344,340,6,15,mixed,low,True,1,1,182,PSD text layer / Unicode layer name,坐标为PSD像素坐标，原点在左上角；x/y为文字图层外接矩形中心点。
ward_038,准财里,里坊,ward,里坊,341.0,284.0,338,276,344,292,6,16,mixed,low,True,1,1,183,PSD text layer / Unicode layer name,坐标为PSD像素坐标，原点在左上角；x/y为文字图层外接矩形中心点。
ward_039,金肆里,里坊,ward,里坊,390.0,283.5,387,276,393,291,6,15,mixed,low,True,1,1,184,PSD text layer / Unicode layer name,坐标为PSD像素坐标，原点在左上角；x/y为文字图层外接矩形中心点。
ward_040,宜年里,里坊,ward,里坊,437.0,286.0,434,278,440,294,6,16,mixed,low,True,1,1,185,PSD text layer / Unicode layer name,坐标为PSD像素坐标，原点在左上角；x/y为文字图层外接矩形中心点。
ward_041,达货里,里坊,ward,里坊,408.0,426.0,405,418,411,434,6,16,mixed,low,True,1,1,186,PSD text layer / Unicode layer name,坐标为PSD像素坐标，原点在左上角；x/y为文字图层外接矩形中心点。
ward_042,通商里,里坊,ward,里坊,408.5,380.5,406,373,411,388,5,15,mixed,low,True,1,1,187,PSD text layer / Unicode layer name,坐标为PSD像素坐标，原点在左上角；x/y为文字图层外接矩形中心点。
ward_043,乐律里,里坊,ward,里坊,392.5,476.0,390,468,395,484,5,16,mixed,low,True,1,1,188,PSD text layer / Unicode layer name,坐标为PSD像素坐标，原点在左上角；x/y为文字图层外接矩形中心点。
ward_044,调音里,里坊,ward,里坊,341.5,477.5,339,470,344,485,5,15,mixed,low,True,1,1,189,PSD text layer / Unicode layer name,坐标为PSD像素坐标，原点在左上角；x/y为文字图层外接矩形中心点。
ward_045,治觞里,里坊,ward,里坊,268.5,424.5,266,417,271,432,5,15,mixed,low,True,1,1,190,PSD text layer / Unicode layer name,坐标为PSD像素坐标，原点在左上角；x/y为文字图层外接矩形中心点。
ward_046,延酤里,里坊,ward,里坊,269.5,381.5,267,374,272,389,5,15,mixed,low,True,1,1,191,PSD text layer / Unicode layer name,坐标为PSD像素坐标，原点在左上角；x/y为文字图层外接矩形中心点。
gate_001,神虎门,城门,gate,城门,618.5,318.0,604,313,633,323,29,10,horizontal,high,True,1,1,194,PSD text layer / Unicode layer name,坐标为PSD像素坐标，原点在左上角；x/y为文字图层外接矩形中心点。
gate_002,阊阖门,城门,gate,城门,637.0,365.0,623,360,651,370,28,10,horizontal,high,True,1,2,195,PSD text layer / Unicode layer name,坐标为PSD像素坐标，原点在左上角；x/y为文字图层外接矩形中心点。
gate_003,千秋门,城门,gate,城门,618.5,270.0,604,265,633,275,29,10,horizontal,high,True,1,1,196,PSD text layer / Unicode layer name,坐标为PSD像素坐标，原点在左上角；x/y为文字图层外接矩形中心点。
gate_004,万岁门,城门,gate,城门,680.5,268.0,666,263,695,273,29,10,horizontal,high,True,1,1,197,PSD text layer / Unicode layer name,坐标为PSD像素坐标，原点在左上角；x/y为文字图层外接矩形中心点。
gate_005,西明门,城门,gate,城门,540.5,505.0,526,500,555,510,29,10,horizontal,high,True,1,1,198,PSD text layer / Unicode layer name,坐标为PSD像素坐标，原点在左上角；x/y为文字图层外接矩形中心点。
gate_006,建春门,城门,gate,城门,814.5,267.0,800,262,829,272,29,10,horizontal,high,True,1,1,199,PSD text layer / Unicode layer name,坐标为PSD像素坐标，原点在左上角；x/y为文字图层外接矩形中心点。
gate_007,承明门,城门,gate,城门,537.5,210.0,523,205,552,215,29,10,horizontal,high,True,1,1,200,PSD text layer / Unicode layer name,坐标为PSD像素坐标，原点在左上角；x/y为文字图层外接矩形中心点。
gate_008,青阳门,城门,gate,城门,813.5,504.0,799,499,828,509,29,10,horizontal,high,True,1,1,201,PSD text layer / Unicode layer name,坐标为PSD像素坐标，原点在左上角；x/y为文字图层外接矩形中心点。
gate_009,东阳门,城门,gate,城门,821.5,364.0,807,359,836,369,29,10,horizontal,high,True,1,1,202,PSD text layer / Unicode layer name,坐标为PSD像素坐标，原点在左上角；x/y为文字图层外接矩形中心点。
gate_010,西阳门,城门,gate,城门,537.5,365.0,523,360,552,370,29,10,horizontal,high,True,1,1,203,PSD text layer / Unicode layer name,坐标为PSD像素坐标，原点在左上角；x/y为文字图层外接矩形中心点。
gate_011,宣阳门,城门,gate,城门,638.5,552.0,634,537,643,567,9,30,vertical,high,True,1,1,204,PSD text layer / Unicode layer name,坐标为PSD像素坐标，原点在左上角；x/y为文字图层外接矩形中心点。
gate_012,津阳门,城门,gate,城门,592.0,553.0,587,538,597,568,10,30,vertical,high,True,1,1,205,PSD text layer / Unicode layer name,坐标为PSD像素坐标，原点在左上角；x/y为文字图层外接矩形中心点。
gate_013,开阳门,城门,gate,城门,777.0,551.5,772,537,782,566,10,29,vertical,high,True,1,1,206,PSD text layer / Unicode layer name,坐标为PSD像素坐标，原点在左上角；x/y为文字图层外接矩形中心点。
gate_014,平昌门,城门,gate,城门,732.0,553.5,727,539,737,568,10,29,vertical,high,True,1,1,207,PSD text layer / Unicode layer name,坐标为PSD像素坐标，原点在左上角；x/y为文字图层外接矩形中心点。
gate_015,广莫门,城门,gate,城门,721.5,120.0,707,115,736,125,29,10,horizontal,high,True,1,1,208,PSD text layer / Unicode layer name,坐标为PSD像素坐标，原点在左上角；x/y为文字图层外接矩形中心点。
gate_016,大夏门,城门,gate,城门,610.5,173.0,596,168,625,178,29,10,horizontal,high,True,1,1,209,PSD text layer / Unicode layer name,坐标为PSD像素坐标，原点在左上角；x/y为文字图层外接矩形中心点。
gate_017,阊阖门,城门,gate,城门,536.0,268.0,522,263,550,273,28,10,horizontal,high,True,2,2,210,PSD text layer / Unicode layer name,坐标为PSD像素坐标，原点在左上角；x/y为文字图层外接矩形中心点。
